Molecular_weight MW (g/mol),pKa,Log P,Log S,Polar Surface Area (Å2),Polarizability (Å3),HOMO (eV),LUMO (eV),Electronegativity (eV), ΔN_Fe ,IE EXP (%),IE% Prediction GBR POLY 60:40,IE% Prediction catBost POLY 60:40,Random Forest 70:30
194.19,14,-0.07,-0.97,58.44,18.96 ,-5.769,-1.977,3.873,0.824630802,92,86.14966865,85.81763147,88.8272
353.3,4.7,1.98,-4.5,109.42,34.35,-6.399,-3.522,4.9605,0.708898158,,92.18877918,92.52417135,87.84004
151.16,9.9,0.91,-1.6,49.33,15.52,-5.494,-1.646,3.57,0.891372141,85.8,85.791941,85.791941,86.778
222.3,8.8,-0.26,-2.36,115.04,19.16,-7.01,-3.358,5.184,0.497261774,93,93.03130032,93.03130032,90.788
60.05,4.8,-0.17,1.22,37.3,5.34,-6.816,-1.07,3.943,0.532022276,92,91.96335495,91.96335495,90.6095
326.5,9.3,4.3,-4.5,25.2,37.17,-4.924,-2.529,3.7265,1.366805846,,93.12360257,92.94931747,92.01834
353.5,9.87,4.27,-5.3,29.54,40.82,-5.163,-1.485,3.324,0.999456226,,92.40987536,92.42895163,91.64144
275.4,9.1,3.46,-3.1,29.54,31.7,-5.284,-1.511,3.3975,0.954810496,,94.55567635,94.72988608,93.46934
261.36,8.7,3.24,-2.7,29.54,29.83,-5.302,-1.501,3.4015,0.946724546,,95.53363552,96.46029906,94.2683
249.35,9.6,3.1,-3.1,41.49,29.38,-5.694,-1.455,3.5745,0.808091531,,85.52111155,85.92350827,91.86024
151.25,10.8,2.44,-3.2,26.02,17.92,-5.969,5.844,0.0625,0.587276729,,83.97657817,84.83384419,82.9956
137.14,3.38,0.83,-0.4,63.32,13.44,-5.922,-2.122,4.022,0.783684211,80,84.19894148,84.31701237,83.4225
131.17,4.43,-2.95,-0.46,63.32,14.71,-6.178,-0.508,3.343,0.644973545,,86.21306273,85.79535554,86.8358
420.43,5,-3.03,-0.9,69.3,16.86,-5.746,-1.671,,0.808,87,85.80261209,86.65816367,89.78128
420.43,5,-3.03,-0.9,69.3,16.86,-5.869,-2.115,3.992,0.801278636,87,89.72250821,90.3322088,89.06988
194.19,3.64,-0.89,-1.8,92.42,19.13,-6.037,-2.391,4.214,0.764125069,,85.54955501,84.91671379,86.9599
440.4,5.5,0.25,-3.6,219.33,44.13,-5.663,-2.923,4.293,0.987956204,,89.62302137,89.99160699,91.73816
153.14,2.05,0.89,-1.1,83.55,14.29,-5.978,-2.062,4.02,0.760980592,,86.2081374,86.13821515,85.3035
277.4,9.4,4.92,-4.39,3.24,33.74,-5.211,-1.887,3.549,1.03820698,94,93.99266212,93.99266212,93.15104
226.27,8,2.07,-2.57,75.27,23.45,-6.679,-2.413,4.546,0.575246132,,89.28570596,89.12399173,89.2818
365.4,2.4,0.87,-2.6,132.96,35.52,-5.999,-1.885,3.942,0.743315508,94.47,91.73963646,92.09192333,86.0412
349.4,2.7,1.35,-2.8,112.73,34.54,-6.158,-1.973,4.0655,0.701194743,92.8,92.80536669,92.80536669,90.5665
135.21,9.8,1.8,-1.9,26.02,16.17,-6.185,-1.386,3.7855,0.669827047,,91.53519461,91.58158837,85.7065
924.1,3.58,0.8,-4,319.61,99.45,-5.274,-3.29,4.282,1.369959677,,92.61974657,92.44902954,91.71878
352.5,8.88,3.7,-4.5,55.56,40.98,-5.109,-1.551,3.33,1.031478359,,93.00717243,92.9883182,92.23648
252.26,4.1,2.88,-4.3,43.37,26.3,-5.604,-3.344,4.474,1.117699115,,90.47711072,90.86295304,93.06452
265.35,10,3.22,-3.4,27.63,30.11,-5.223,-1.648,3.4355,0.997062937,,93.32137523,93.32976034,92.5459
188.33,2.2,0.38,-0.6,23.55,20.4,-5.313,-1.894,3.6035,0.993419128,95.7,88.17062706,89.22335376,86.7329
267.32,7,3.1,-2.7,43.7,29.7,-5.239,-2.01,3.6245,1.045370084,,90.08054682,90.04030982,93.4284
210.23,7.8,1.15,-1.6,75.27,20.5,-6.689,-2.459,4.574,0.573522459,,93.36208572,93.36208572,88.1353
155.19,7.6,0.35,0.81,29.54,17.1,-5.358,-2.302,3.83,1.037303665,96.97,92.45864616,93.23126047,89.4509
176.12,4.7,-1.85,0.14,107.22,14.93,-5.9,-2.042,3.971,0.785121825,82.9,82.92613015,82.92613015,84.8876
180.16,3.5,1.8,-2.1,63.6,17.1,-6.587,-2.796,4.6915,0.608942232,77.91,77.97319342,77.97319342,79.626
289.4,9.7,1.83,-2.12,49.77,31.28,-5.466,-1.712,3.589,0.908630794,92,92.01097536,92.01097536,90.4392
184.19,7.8,0.65,-1.37,75.27,17.59,-6.699,-2.427,4.563,0.570458801,,92.97800862,93.01198555,88.2732
128.08,4,-1.47,-1.5,82.25,10.28,-6.967,-2.652,4.8095,0.50764774,97.7,90.26090059,90.28308797,89.43044
155.19,11.2,0.44,-0.79,46.17,16.22,-6.491,-1.943,4.217,0.611917326,,88.50681344,88.87348337,87.1697
228.24,3,2.3,,35.53,24.92,-6.248,-2.04,4.144,0.678707224,95,84.91020984,85.53350325,87.40594
165.1891,2.8,1.86,-1.8,52.32,17.46,-5.826,-1.973,3.8995,0.804697638,,85.52512531,84.69856459,85.987
334.39,2.74,1.83,-3.1,86.71,33.54,-6.081,-1.846,3.9635,0.717001181,79.6,79.65861128,79.65861128,82.71124
122.123,4.2,1.87,-1.2,37.3,11.97,-6.661,-2.706,4.6835,0.585714286,85,90.39755706,90.41042876,86.85064
260.25,13.68,0.92,-2.8,90.06,24.96,-6.526,-3.669,5.0975,0.665908295,,87.41742356,88.41262994,89.15018
239.5,6.6,1.87,-1.55,37.3,11.9,-6.528,-3.674,5.101,0.66538192,,92.78580357,93.56819672,89.474
107.15,9.3,1.09,-1,26.02,12.32,-6.131,-1.347,3.739,0.681647157,95,94.94461,94.94461,91.2906
404.5,5.9,1.7,-2.9,68.31,45.27,-5.328,-1.38,3.354,0.923505572,,95.29662752,94.62287025,91.86018
136.19,10.1,0.68,-0.44,24.92,15.85,-5.613,-1.72,3.6665,0.856280503,,91.86960185,91.68203024,88.0037
177.25,10.6,0.49,-2,36.42,20.43,-5.099,-1.749,3.424,1.067462687,,89.38217879,88.85364369,85.2609
408.4,3.1,2.18,-3.8,119.36,39.98,-6.251,-3.125,4.688,0.739603327,,90.97644547,90.49761359,88.10052
394.5,8,1,,51.2,,-4.885,-1.363,3.124,1.100511073,98.4,90.26035094,90.53574155,89.5698
288.4,8.1,3.6,-3.5,32.4,34.19,-5.294,-1.399,3.3465,0.937997433,,90.47727348,90.41604253,92.72834
212.25,7.9,1.5,-2.2,75.27,21.41,-6.681,-2.444,4.5625,0.57528912,,89.17403329,89.17403329,86.0528
194.23,8.4,3.57,-2.6,46.53,21.45,-6.283,-2.25,4.2665,0.677783288,,87.18027882,87.05189878,86.2658
1321.4,10.62,-9.609,,378.42,66.56,-5.529,-2.256,3.8925,0.949434769,,88.31625106,88.86188637,89.9241
182.65,4.8,-3.78,-2.4,53.32,16.08,-6.248,1.892,2.178,0.592383292,,88.23910168,88.40522599,84.4811
378.4,3.11,1.13,-3,124.01,36.39,-6.451,-2.139,4.295,0.627319109,,92.33869778,92.5743684,88.6428
570.8,6.7,6.4,-5.9,117.97,64.99,-5.779,-2.333,4.056,0.854323854,,92.02264352,91.95817729,91.6011
347.4,3.6,0.6,-3.1,112.73,32.52,-5.914,-2.024,3.969,0.779177378,76.9,77.02266586,77.02266586,81.29222
405.4,2.5,-0.3,-3.4,139.03,37.64,-6.071,-2.858,4.4645,0.789137877,,91.84291079,91.84291079,87.86776
415.5,3.4,1.9,-4.8,96.91,41.49,-5.31,-3.426,4.368,1.397027601,,89.9461426,90.5932412,91.57896
396.4,2.4,-0.41,-3.9,113.01,37.22,-6.109,-2.801,4.455,0.769347037,92,91.94286197,91.94286197,90.60194
423.5,2.15,-0.1,-3.4,125.9,40.63,-6.255,-2.889,4.572,0.721330957,82.5,82.64236092,82.64236092,86.2522
454.5,2.3,-0.58,-3,156.09,41.44,-6.126,-2.967,4.5465,0.776669832,93.9,93.8695169,93.8695169,91.038
349.4,2.6,0.7,-2.6,112.73,33.19,-5.82,-2.612,4.216,0.867830424,95,94.9014892,94.9014892,91.8388
266.4,8.2,3,-3.6,6.48,31.53,-5.114,-1.62,3.367,1.039782484,,94.05568814,93.91747013,93.6588
236.27,7.5,1.96,-2.5,75.27,23.94,-6.386,-2.357,4.3715,0.652395135,,86.0334573,85.99235156,87.97874
141.25,3.5,2.86,-2.5,12.03,18,-5.468,5.648,-0.09,0.637819359,,82.58513644,81.42039781,83.9661
291.4,7.9,2.4,-2.3,49.77,32.51,-5.404,-1.675,3.5395,0.927996782,,93.08234604,93.08234604,91.515
102.09,4.5,-0.9,0.93,64.35,8.87,-5.811,-0.82,3.3155,0.738228812,,87.30437601,87.35683753,89.5169
252.34,6.8,0.4,-1.35,88.89,27.47,-5.68,-0.732,3.206,0.766774454,97.9,97.81115071,97.81115071,93.2156
294.4,8.3,2.82,-2.9,36.36,33.1,-5.803,-2.681,4.242,0.883408072,,94.57058244,95.09858339,93.03328
343.5,8.5,4.4,-3.7,"54,46",40.78,-5.323,-2.722,4.0225,1.144752018,,94.70910513,94.81740329,92.8052
243.22,4.3,-2.8,-0.74,128.61,22.21,-6,-2.193,4.0965,0.762674022,,91.18599672,91.12649103,87.43234
192.12,2.79,-1.64,0.51,132.13,15.54,-6.612,-1.975,4.2935,0.58367479,99,98.97019909,98.97019909,92.3451
303.35,8.4,2.3,-2.23,55.84,32.36,-5.581,-2.486,4.0335,0.958481422,93.6,93.56416909,93.56416909,92.31426
299.4,7.9,1.39,-1.52,41.93,31.95,-5.096,-1.131,3.1135,0.980201765,,89.15765738,89.12047294,89.3713
399.4,1.7,1.07,-4.2,83.09,42.41,-5.49,-2.897,4.1935,1.082337061,95,86.34655669,86.06104439,91.7939
182.18,4.42,-0.24,-2.1,99.73,17.78,-5.117,-2.287,3.702,1.165371025,,83.78154765,83.67888403,87.60084
314.25,7.5,1.7,-3.6,120.73,29.98,-6.054,-3.773,4.9135,0.914730381,,91.2966015,90.62564401,87.80172
248.301,2.41,0.97,-2.82,86.18,25.05,-5.83,-2.107,3.9685,0.814262691,,82.05187301,81.91676374,89.00748
527.5,8.2,1.83,-2.9,185.84,52.94,-5.866,-4.011,4.9385,1.111320755,,88.72097935,89.06558944,91.42282
175.23,11.9,0.75,-2.3,53.11,19.48,-5.449,-1.498,3.4735,0.892558846,,89.43424774,88.53264044,85.4422
402.5,5,3.37,-4.8,88.5,44.81,-6.07,-2.33,4.2,0.748663102,,86.63338549,86.74807479,88.9928
578.7,6.68,3.3,-4.7,109,62.59,-4.921,-2.424,3.6725,1.332599119,,93.54092835,93.45895802,91.88076
266.4,10.2,4.9,-3.66,15.27,31.74,-5.032,-1.448,3.24,1.049107143,,93.65082621,93.42670132,92.542
271.4,8.3,3.6,-4.5,12.47,31.77,-4.974,-1.342,3.158,1.057819383,,93.89123258,93.74894102,93.1919
392.5,7,3.61,-4.4,32.78,44.36,-4.943,-1.676,3.3095,1.12962963,,95.03292611,94.73892129,92.34634
105.14,8.9,-1.43,0.65,52.49,11.63,-5.798,6.52,-0.361,0.597580776,88.7,83.44660973,83.46019436,86.3616
73.14,11,0.76,0.54,12.03,9.72,-5.505,6.84,-0.6675,0.621101661,80.61,80.64560696,80.64560696,82.9747
255.35,9,3.27,-3.5,12.47,29.86,-5.274,-1.63,3.452,0.973655324,,94.48459223,94.14593362,94.3648
452.6,7.1,6.3,-5.5,53.33,51.58,-5.114,-1.829,3.4715,1.07412481,,92.86552334,92.87380697,91.6712
301.4,8.8,1.55,,41.93,32.79,-4.857,-1.198,3.0275,1.085679147,,91.93953834,91.39350537,90.9593
563.7,6.91,2.33,-3.2,118.21,62,-5.13,-1.555,3.3425,1.023076923,,92.23431081,92.3254105,92.06264
577.7,6.89,5.9,-3.3,118.21,64.05,-5.057,-1.748,3.4025,1.087186461,,92.49147353,92.57431775,92.2643
611.7,6.89,5.86,-4.1,121.7,67.82,-5.122,-1.631,3.3765,1.037954741,,93.19913964,93.26652775,92.2832
583.7,6.9,2.4,-3.4,118.21,63.3,-5.394,-1.743,3.5685,0.939879485,,91.98280034,92.08087575,92.17744
583.6,8,-8.2,-1.6,334.59,56.06,-5.337,0.181,2.578,0.801377311,88.5,86.12310433,86.36162827,88.982
354.5,4.9,2.7,-3.5,97.99,40.86,-6.02,-1.077,3.5485,0.698260166,,86.24914877,86.58713878,88.55814
504.6,6.4,1.5,-2.7,145.44,56.94,-4.344,-1.826,3.085,1.554805401,,90.41012925,89.86088312,90.83324
339.5,8.36,2.58,-3.8,59.22,38.82,-4.824,-2.135,3.4795,1.309222759,,92.04839143,92.01162865,91.64866
279.4,8,4.3,-3.9,12.5,32.47,-5.25,-2.06,3.655,1.048589342,,95.25017753,94.8705507,92.99488
444.4,3.09,-0.7,-2.8,182,43.65,-5.693,-3.454,4.5735,1.083742742,95.9,90.98393312,90.91274624,90.67484
270.37,9.2,2.5,-2.7,25.4,31.09,-5.266,-1.839,3.5525,1.005981908,,95.14026475,95.90349129,93.1158
543.5,9.46,1.27,-2.7,206.07,53.87,-5.859,-4.004,4.9315,1.11509434,,90.09319472,90.4378048,90.33712
165.23,9.6,1.13,-1.3,32.3,18.8,-5.886,-1.35,3.618,0.745590829,84,84.07235652,84.07235652,85.59324
480.6,9.11,4.7,-5.2,52.19,54.92,-4.838,-1.303,3.0705,1.111598303,93.09,93.04146472,93.04146472,92.3995
183.2,8.59,-1.37,-0.99,72.7,19.04,-5.488,-1.342,3.415,0.864688857,,91.96107141,91.46689764,88.0436
266.3,9.8,3.5,-4.7,"37,3",30.1,-5.633,-2.502,4.0675,0.936601725,,90.23171646,90.43755618,91.50178
325.4,7.3,0.9,-3,68.36,36.54,-5.437,-2.32,3.8785,1.001443696,,90.03399417,90.21452836,91.02064
581.7,6.3,2,-3.4,118,62.23,-5.212,-2.358,3.785,1.126489138,,92.4182228,92.52842057,92.06286
733.9,8.88,2.6,-3.2,193.91,78.21,-5.336,-2.008,3.672,1,,91.53169906,91.68136255,92.31048
303.35,7.6,0.98,-1.7,62.3,31.41,-5.181,-1.876,3.5285,1.050378215,86,86.05237446,86.05237446,87.6141
332.35,6.95,-2.3,-0.35,130,33.39,-5.158,-1.917,3.5375,1.068343104,,88.98158691,88.18047494,88.246
296.4,10.7,3.67,-4.3,"40,5",34.53,-5.573,-1.306,3.4395,0.834426998,,85.48572608,86.44800552,90.57788
204.31,9.55,-0.3,-1.4,64.5,24.47,-5.922,5.882,0.02,0.591324975,,83.18080619,84.06067216,84.7008
61.08,9.5,-1.31,1.14,46.2,6.63,-5.957,6.913,-0.478,0.581041181,,82.80244203,83.6464821,85.4066
45.08,10.7,-0.13,0.9,26,5.75,-6.042,7.222,-0.59,0.572225573,96.4,81.5482513,82.33167449,86.0776
276.4,7.7,4.46,-3.2,"32,3",33.47,-5.382,-1.42,3.401,0.908379606,,90.96606369,90.88409448,92.89984
261.36,8.69,2.8,-2.7,29.5,29.92,-5.082,-1.524,3.303,1.039066892,,95.78352774,96.36307623,93.8892
258.3,8.1,2.01,-3.81,82.28,25.27,-6.384,-3.101,4.7425,0.687633262,,86.2665929,85.3162015,88.22632
179.22,2.2,1.58,-2.37,38.33,19.82,-5.294,-1.523,3.4085,0.952399894,,88.98381635,88.28933346,84.5109
321.5,8.5,4.08,-4.6,23.47,37.92,-5.153,-1.424,3.2885,0.995307053,,93.40981428,93.21256543,92.54934
191.27,7.6,2.17,-1.9,12.47,22.18,-5.333,-1.42,3.3765,0.926015845,,95.93809282,96.02646885,88.4958
364.4,2.7,1.33,-3,95.94,36.74,-5.996,-1.884,3.94,0.744163424,,86.61553195,86.72802913,88.02424
205.26,11.8,-0.83,-3,97.78,22.14,-5.109,-1.197,3.153,0.983384458,,87.66059181,87.24834055,86.059
308.4,4.4,3.16,-3.81,40.62,34.15,-5.769,-1.9,3.8345,0.81817007,,92.02411352,92.03657121,92.11086
167.2,8.97,-0.31,-0.88,52.49,18.2,-5.812,-1.381,3.5965,0.768111036,88,84.68877489,84.57594438,88.7407
121.18,9.8,1.41,-1.7,26.02,14.35,-6.132,-1.393,3.7625,0.683161004,,91.27758339,91.30887701,88.7533
151.21,9.4,0.67,-0.87,46.25,16.89,-6.154,-1.388,3.771,0.677507344,,88.65060746,88.35483239,88.5462
255.35,9.1,3.51,-3.8,12.47,29.99,-5.284,-1.549,3.4165,0.959437751,,96.31664895,96.02752833,94.4248
261.4,8.3,3.62,-4,3.24,31.13,-5.232,-1.947,3.5895,1.038203957,,95.32579957,95.04305464,93.64624
214.26,5.9,"1,92","-2,4",45.15,"23,71",-5.657,-1.602,3.6295,0.831196054,,92.56741736,92.56741736,87.7738
240.34,9.3,2.98,-2.8,16.13,28.41,-5.183,-1.723,3.453,1.025144509,98,97.92656802,97.92656802,95.383
252.27,8.3,2.47,-3.6,58.2,58.2,-6.445,-2.016,4.2305,0.625310454,89.4,90.47029546,90.79713941,89.23494
177.24,8.5,1.79,-1.9,21.26,20.1,-5.56,-1.398,3.479,0.845987506,,95.91352951,96.55604418,87.4128
232.23,7.5,1.47,-2.9,75.27,22.62,-6.72,-2.502,4.611,0.566382172,95,94.90020658,94.90020658,91.4838
318.3,9.7,2.41,-4.5,66.76,32.65,-6.067,-2.601,4.334,0.769186382,84.67,84.70016218,84.70016218,86.43176
242.27,4.5,3.65,-3.5,46.53,25.3,-5.942,-1.819,3.8805,0.756609265,,81.43716792,81.17631662,89.14508
,10.1,2.08,-2.3,26.02,17.87,-6.029,-1.381,3.705,0.708907057,,86.48689283,86.91752284,87.48944
166.22,6.9,1.25,-1.4,47.28,18.67,-5.695,-1.413,3.554,0.804764129,,86.81472639,87.88892025,89.1909
281.35,7.7,2.52,-3,47.86,31.37,-5.158,-1.662,3.41,1.026887872,,90.78695408,90.80871276,92.2515
790,9.96,4.95,-5,189.36,86.08,-5.841,-3.259,4.55,0.94887684,,90.19402438,90.05312375,91.02574
477.6,8.2,-3.1,-1.6,199.73,51.92,-5.503,4.859,0.322,0.64447018,84.65,84.63753986,84.63753986,85.7037
"196,16",3.6,-3.4,-0.09,138.45,138.45,-6.756,-1.177,3.9665,0.543735436,,94.86032602,95.5188609,88.77274
194.14,3.2,-2.57,0.18,127.45,16.32,-6.441,-1.125,3.783,0.605154251,,92.09311904,91.73138411,87.0953
217.26,11.8,1.9,-2.34,46.17,23.15,-6.448,-2.006,4.227,0.624268348,,86.91712088,87.15288023,83.736
198.31,11.9,0.74,-2,67.64,23.67,-4.67,0.519,2.0755,0.949026787,,87.45769774,87.06623983,85.1909
207.23,12.3,0.42,-2.2,80.36,21.58,-5.332,-1.212,3.272,0.904854369,,87.39738998,86.64452613,85.7198
369.4,7.8,"1,58",3.1,65.07,65.07,-5.348,-1.528,3.438,0.932460733,,93.00278007,92.60973593,90.01964
261.36,9.1,3.9,-4.4,38.33,30.29,-5.515,-2.531,4.023,0.997654155,,92.0766668,92.09060784,93.09482
236.27,8.3,1.98,-2.74,66.48,66.48,-6.321,-2.29,4.3055,0.668444555,,88.70325715,89.12300076,89.15694
299.4,8.9,1.96,-2.6,38.77,32.05,-5.316,-1.586,3.451,0.951474531,,92.66759551,92.59390687,91.5058
362.5,12.59,1.61,-2.97,94.83,39.45,-5.803,-2.575,4.189,0.870817844,,89.27671758,89.12595335,90.7782
285.34,8.15,1.62,-1.8,49.77,30.02,-5.315,-1.487,3.401,0.940177638,,91.04601342,91.04703805,89.9003
111.1451,14.46,-0.7,0.18,54.7,12.08,-5.549,-0.315,2.932,0.777225831,95.6,82.91066931,83.7750871,85.6893
206.28,5.2,3.97,-3.5,37.3,23.76,-6.284,-1.57,3.927,0.651887993,,83.96396704,84.01241458,85.62278
68.08,7,-0.08,0.9,28.68,6.56,-5.805,-0.375,3.09,0.720073665,89,88.97270379,88.97270379,89.0044
280.4,9.5,4.8,-3.6,6.48,33.39,-4.886,-1.443,3.1645,1.113999419,,94.28276702,94.36831527,93.20784
281.3,5.8,2.86,-3.3,57.61,30.24,-5.758,-2.669,4.2135,0.902071868,,92.32802746,91.64406447,93.47964
347.5,7.7,3.19,-4.6,48.13,40.72,-5.138,-2.114,3.626,1.115740741,,92.69305253,92.61233978,91.08448
231.25,10.4,1.43,-3,67.16,24.51,-5.76,-2.18,3.97,0.846368715,,87.29244306,86.31450903,90.92544
137.14,1.82,-0.7,0.01,68.01,13.21,-6.088,-2.67,4.379,0.766822703,75.4,87.29539938,87.23038083,88.6279
"211,26",9.81,1.4,-1.6,72.72,23.04,-5.468,-1.325,3.3965,0.869780352,,89.32022017,88.79111304,87.6622
"301,4",9.65,2.56,-3.8,-3.8,34.12,-5.771,-1.512,3.6415,0.788565391,,88.4200773,90.57853405,90.47524
484.5,7.2,-7.1,-0.72,282.61,47.57,-5.852,4.514,0.669,0.610746672,90.96,90.9357299,90.9357299,89.3098
197.19,2.32,0.05,-1.8,103.78,18.91,-5.861,-1.714,3.7875,0.774656378,,76.31739823,74.60090767,86.9787
328.5,9.2,4.68,-4.8,15.71,36.77,-4.659,-1.484,3.0715,1.237322835,,93.78610432,93.57050478,92.33364
257.37,8.9,2.9,-3.2,23.47,29.84,-5.007,-1.357,3.182,1.046027397,,95.20044761,95.10491742,94.416
234.3373,7.9,2.44,-1.76,32.34,27.77,-5.554,-1.441,3.4975,0.851568198,,91.52950385,92.27383314,92.59924
406.5,7.5,-0.32,-1.1,122.49,43.72,-5.41,-0.556,2.983,0.827564895,,87.85481859,87.56902692,89.97064
167.29,11.2,2.37,-3.1,12.03,20.74,-5.424,5.057,0.1835,0.650367331,,86.7773058,86.381726,83.9837
241.28,4.3,5.12,-3.78,49.33,49.33,-5.44,-2.483,3.9615,1.027561718,95,94.97371029,94.97371029,94.29428
163.26,10.3,2.52,-2.6,12.03,19.79,-5.584,-1.366,3.475,0.835704125,,95.21098404,95.24932314,86.7448
247.33,8.7,2.72,-1.89,29.54,28.09,-5.245,-1.577,3.411,0.978462377,,94.33923487,95.10246141,93.4707
246.35,7.6,1.95,-1.55,32.34,28.61,-5.562,-1.456,3.509,0.850219191,,93.6802922,93.6802922,91.7764
152.18,7.8,0.01,-2.3,53.07,14.04,-5.031,-2.833,3.932,1.395814377,,91.63567471,91.4143121,87.88288
211.26,8.84,0.21,-1.5,72.72,23.12,-5.724,-1.274,3.499,0.786741573,,85.87616223,85.87616223,87.3345
309.4,8.3,3.93,-4.7,20.31,36.29,-4.983,-1.79,3.3865,1.131694331,,93.4398122,93.23171947,92.50538
149.23,9.5,2.07,-2.2,12.03,18.04,-5.605,-1.37,3.4875,0.829397875,,90.07663158,92.35952745,88.2528
261.39,8.85,2.87,-2.64,19.37,29.54,-5.076,-1.696,3.386,1.069230769,,95.66238061,95.69702376,94.0499
250.29,2.5,3.17,-3.8,32.67,27.32,-5.894,-2.207,4.0505,0.799972878,,90.58296777,90.54848996,89.21502
198.22,8.2,1.15,1.15,1.15,19.6,-6.581,-2.33,4.4555,0.598565044,,95.54223143,96.31464782,88.3154
236.3,7.3,0.13,-1.83,105.19,20.99,-6.393,-3.206,4.7995,0.690461249,,92.75687005,92.70246017,90.97684
140.19,4.9,0.39,0.74,12.96,14.25,-5.338,6.799,-0.7305,0.63693664,,86.05586698,84.9495464,86.6756
380.4,2.8,1.22,-3.1,105.17,37.27,-5.975,-2.147,4.061,0.767763845,,86.47805413,86.48145025,86.56108
233.31,8.8,2.25,-3.1,38.33,26.21,-5.613,-1.624,3.6185,0.847706192,,90.07968828,90.40304845,92.7681
183.25,12,0.78,-1.2,46.17,19.95,-5.92,-1.605,3.7625,0.750289687,,81.15210023,81.3408241,85.1645
353.5,6.6,1.82,-3.2,57.5,40.41,-5.311,-2.295,3.803,1.060013263,,92.08544372,92.08336361,91.45982
267.36,9.7,2.15,-2.8,50.72,31.9,-5.584,-1.571,3.5775,0.852853227,94,92.54308731,92.46939867,91.4945
454.4,4.7,-0.24,-3.4,210.54,44.54,-5.381,-2.885,4.133,1.148637821,,91.74826875,92.66601003,91.59302
211.26,9.2,0.57,-1.4,64.71,22.79,-5.06,-1.317,3.1885,1.018300828,,88.41659225,88.41659225,87.902
171.15,2.6,-0.02,-1.5,83.87,15.82,-6.69,-3.179,4.9345,0.588293933,80,91.77551344,91.9966973,88.121
457.5,2.3,-3.3,-2.2,164.63,45.9,-5.324,-3.42,4.372,1.380252101,,87.68268711,88.25588834,90.8276
276.37,6.9,2.04,-2.8,45.33,32,-5.347,-1.571,3.459,0.937764831,,92.80162091,92.72793228,92.9013
414.5,2.7,2.29,-4.4,95.94,42.22,-6.083,-2.998,4.5405,0.797244733,,91.66079854,91.70121917,90.1516
311.4,7.8,1.68,-2.4,52.93,33.3,-5.346,-1.38,3.363,0.917044881,,94.18812854,94.12272048,91.05704
327.4,7.94,1.62,-1.8,70,33.8,-5.465,-1.717,3.591,0.909551761,,90.24967021,90.31470846,89.12494
230.26,4.2,3.18,-4.16,46.53,24.81,-5.645,-2.515,4.08,0.932907348,93.14,93.15813314,93.15813314,93.30464
122.12,3.35,-0.37,0.61,55.98,11.71,-6.091,-2.565,4.328,0.757799206,93.6,93.49042846,93.49042846,90.0443
281.27,10.8,2.25,-3.8,87.28,27.59,-6.638,-3.765,5.2015,0.626000696,,90.35637787,90.63050069,87.98914
238.16,7.2,-0.47,-2.8,118.05,20.49,-6.456,-3.951,5.2035,0.717165669,97.6,97.55106131,97.55106131,94.4401
612.6,4.3,3.26,-4.8,196.1,63.97,-5.352,-2.663,4.0075,1.112867237,,93.35353928,93.35111292,93.33944
269.4,8.4,3.77,-4,12.47,31.83,-5.27,-1.598,3.434,0.971132898,89.75,95.93777001,95.675987,93.87564
401.4,2.84,2.38,-3.7,112.74,39.61,-6.328,-2.347,4.3375,0.668801809,93.1,92.98935573,92.98935573,90.7263
315.4,8.9,0.7,-1.8,59,32.79,-5.202,-1.526,3.364,0.989118607,,88.3468881,87.66365868,88.7714
324.4,-6,2.72,-3.73,60.85,35.14,-5.569,-1.932,3.7505,0.893456145,,87.17742456,86.62901427,90.06322
301.34,8.17,0.83,-1.1,70,30.77,-5.457,-1.506,3.4815,0.890534042,,90.47107143,90.41096719,89.4648
152.11,7.7,-1.7,-1.5,82.59,12.6,-6.411,-1.824,4.1175,0.628406366,,89.07204479,89.09279214,88.7705
460.4,3.27,-0.9,-3.14,201.85,43.22,-5.319,-3.063,4.191,1.245124113,,92.08221344,92.90056406,91.12898
339.4,5.9,3.08,-4.4,49.81,36.57,-5.647,-2.456,4.0515,0.924005014,91,91.1338535,91.1338535,91.2257
285.4,8.88,4.64,-3.4,23.47,33.86,-5.003,-1.343,3.173,1.045628415,,94.04146841,94.17557826,93.20964
220.31,7.9,2.11,-2.8,41.13,25.98,-5.665,-1.47,3.5675,0.818235995,,87.53854097,88.70398671,92.1233
221.3,6.8,0.06,-3,53.16,25.88,-5.735,-2.058,3.8965,0.84403046,,88.46796059,87.50675726,91.1738
284.4,9.4,4.55,-4.3,6.48,32.74,-4.783,-1.515,3.149,1.178396573,,95.36112881,95.17528839,92.67274
259.34,9.5,3.48,-3.5,41.49,29.98,-5.48,-2.261,3.8705,0.972196334,,93.93848421,94.03418515,93.6064
165.23,9.9,0.89,-1.3,32.26,18.83,-5.929,-1.379,3.654,0.735384615,,83.94952188,84.57263078,84.9901
324.4,8.56,3.44,-3.37,45.59,35.82,-5.553,-2.507,4.03,0.975049245,,94.8071701,95.20970498,91.961
608.7,6.6,3.53,-4.7,117.78,66.06,-4.905,-2.329,3.617,1.313276398,94,92.76233624,92.68036591,91.87866
376.4,10.2,-1.46,-3.68,155.05,37.5,-6.119,-4.021,5.07,0.919923737,83.9,83.8887706,83.8887706,86.48054
822.9,1.7,2.77,-4.3,220.15,86.46,-4.855,-2.808,3.8315,1.547874939,94.7,94.68065416,94.68065416,93.3943
183.19,1.6,0.45,-1.4,63.24,16.02,-7.116,-3.929,5.5225,0.463602134,83.78,83.76920115,83.76920115,85.64504
238.28,8,1.97,-2.3,75.27,24.33,-6.666,-2.413,4.5395,0.5785328,,86.75034217,86.75034217,89.17
355.4,4.5,0.87,-3.3,125.46,33.41,-5.973,-2.884,4.4285,0.832470055,,92.00625489,91.25151259,87.26242
214.25,2.8,-0.52,-2.4,122.06,20.38,-5.926,-2.103,4.0145,0.780931206,67.7,67.80780215,67.80780215,74.4335
264.31,7.1,0.14,-2.9,97.97,26.51,-6.425,-2.424,4.4245,0.643714071,84.5,87.44563382,86.79884807,88.97998
280.31,6.8,0.23,-3,107.2,26.24,-5.911,-2.381,4.146,0.808498584,,89.93298273,89.68059461,90.20648
270.3,5.4,0.54,-2.41,97.97,26.26,-6.191,-2.539,4.365,0.721522453,,89.42202138,89.43841043,89.25256
253.28,5.6,0.89,2.62,98.22,24.99,-6.175,-2.495,4.335,0.724184783,91.6,95.24130625,95.34494871,90.10382
172.21,10.4,-0.62,-1.36,86.18,16.25,-6.478,-2.445,4.4615,0.629432184,93.7,93.58837411,93.58837411,91.2382
249.29,8.4,0.35,-2.7,85.08,24.97,-6.419,-2.478,4.4485,0.647424512,76.9,77.08218016,77.08218016,84.41388
224.26,7.8,1.47,-2,75.27,22.48,-6.706,-2.467,4.5865,0.56935598,,89.67739718,89.69470667,88.582
261.39,8.76,2.98,-2.8,19.37,29.57,-5.03,-1.703,3.3665,1.092125038,,95.60833624,96.13811472,94.4251
180.16,9.9,-0.78,-1.4,67.23,16.85,-5.863,-2.073,3.968,0.8,93,92.95478289,92.95478289,90.778
180.16,8.81,-0.02,-0.9,69.3,16.86,-5.884,-2.084,3.984,0.793684211,90.6,90.66262184,90.66262184,89.495
264.36,8.5,2.79,-2.7,41.57,31.9,-5.198,-1.886,3.542,1.044082126,,91.41983918,91.62213205,92.8996
242.34,7.5,2.85,-3.36,58.2,25.7,-6.133,-3.289,4.711,0.804852321,,94.10057804,93.69111854,91.47494
"101,19",10.7,1.26,0.13,3.24,13.48,-5.082,6.665,-0.7915,0.66327573,,88.94511364,89.26827146,85.3951
388.5,8.3,2.29,-4,69.26,43.19,-5.315,-1.89,3.6025,0.991970803,,91.87603087,91.84790821,91.58508
290.32,7.2,0.91,-2.86,105.51,29.71,-5.374,-1.307,3.3405,0.899803295,92,91.98344695,91.98344695,91.496
255.36,9,3.3,-2.64,19.37,29.86,-5.047,-1.608,3.3275,1.067897645,,96.55925576,96.38144438,93.996
121.14,8.1,-2.7,0.76,86.71,12.02,-6.125,6.373,-0.124,0.570011202,,84.75960442,85.67038671,85.9323
115.22,10.48,2,-1.5,26.02,15.63,-6.024,6.241,-0.1085,0.579576029,,84.35243426,85.44684678,84.4541
60.056,0.2,-2.11,0.96,69.11,5.1,-6.05,0.332,2.859,0.648856158,94.06,86.11207983,85.99149831,85.0406
224.26,8,1.49,-2.6,75.27,22.77,-6.429,-2.347,4.388,0.639882411,,85.91693599,85.91693599,87.2374
825,5,2.82,-4.4,171.17,88.32,-4.885,-2.076,3.4805,1.252936988,,92.48852402,92.51301026,92.65256
"685,7",10.3,-11,-2.8,390.36,66.95,-5.505,-2.252,3.8785,0.959575776,,89.39201085,89.27810351,90.6067
308.3,5.1,2.7,-3.89,63.6,31.93,-6.042,-2.842,4.442,0.799375,93.484,93.4349011,93.4349011,91.53812
141.17,141.17,0.38,-0.15,46.17,14.45,-6.403,-1.847,4.125,0.631035996,,80.99278881,81.07551073,86.0457
75.07,75.07,-3.21,0.87,63.32,6.65,-6.339,-0.773,3.556,0.618756737,80,80.07425701,80.07425701,83.958
339.6,339.6,5.74,4.8,32.5,107.4,-4.945,5.854,-0.4545,0.690295398,,85.14863998,85.13448503,87.6268
442.4,2.21,-3.5,-2.6,181.62,41.95,-5.089,-3.714,4.4015,1.889818182,,89.32579667,90.40981907,90.7223
250.28,6.5,-0.09,-3.51,97.97,24.39,-4.165,-2.126,3.1455,1.890387445,94,89.67567159,89.3221535,91.3299
